Stream_ID,Stream_Name,Mass_Flow_kg_s,Temperature_C,Pressure_bar,Enthalpy_kJ_kg,Entropy_kJ_kg_K
STR-01,Свежий синтез-газ (N2 + 3H2),17.5,25.0,25.0,310.5,7.82
STR-02,Синтез-газ после компримирования,17.5,135.0,180.0,580.2,7.95
STR-03,Циркуляционный газ на входе в реактор,85.0,220.0,175.0,780.0,8.15
STR-04,Прореагировавший газ на выходе из реактора,85.0,480.0,168.0,1420.0,8.95
STR-05,Газовый поток после котла-утилизатора (КУ / WHRB),85.0,260.0,165.0,860.0,8.12
STR-06,Пар перегретый высокого давления из КУ (WHRB),15.0,450.0,40.0,3450.0,6.92
STR-07,Питательная обессоленная вода в экономайзер КУ (BFW),15.0,105.0,45.0,650.0,1.41
STR-08,Оборотная вода на входе в холодильник (CW In),837.3,25.0,4.0,104.9,0.367
STR-09,Оборотная вода на выходе в градирню (CW Out),837.3,35.0,3.0,146.7,0.505
STR-10,Жидкий аммиак-сырец в сепараторе,17.36,-5.0,160.0,180.0,0.95
