Task,Metric,Calculated,Reference,Abs_Error,Rel_Error_Pct,Tolerance,Unit,Status,Reference_Source,Comment
1,Аммиак: переменная себестоимость,253.4,253.4,0.0,0.0,0.01,USD/т,PASS,"Задание №2 / Лекция 3, округлённое значение",
1,Аммиак: база,347.6,347.6,0.0,0.0,0.01,USD/т,PASS,"Задание №2 / Лекция 3, округлённое значение",
1,Аммиак: недогруз,371.15,371.2,0.05000000000001137,0.01346982758620996,0.1,USD/т,PASS,"Задание №2 / Лекция 3, округлённое значение",
1,ХимМаш: переменная себестоимость,3.596,3.596,0.0,0.0,0.001,MUSD/шт,PASS,"Задание №2 / Лекция 3, округлённое значение",
1,ХимМаш: постоянный OPEX,28.8,28.8,0.0,0.0,0.01,MUSD/год,PASS,"Задание №2 / Лекция 3, округлённое значение",
1,ХимМаш: база,5.9959999999999996,6.0,0.004000000000000448,0.06666666666667412,0.01,MUSD/шт,PASS,"Задание №2 / Лекция 3, округлённое значение",
1,ХимМаш: недогруз,8.396,8.4,0.0039999999999995595,0.04761904761904237,0.01,MUSD/шт,PASS,"Задание №2 / Лекция 3, округлённое значение",
1,ХимМаш: сокращение fixed,7.596,7.6,0.0039999999999995595,0.05263157894736263,0.01,MUSD/шт,PASS,"Задание №2 / Лекция 3, округлённое значение",
5,F-rule electricity,19.400000000000002,19.4,3.552713678800501e-15,1.8312957107219078e-14,0.01,USD/ГДж,PASS,"Задание №2 / Лекция 3, округлённое значение",
5,P-rule product,13.94736842105263,13.95,0.0026315789473692064,0.018864365214116177,0.01,USD/ГДж,PASS,"Задание №2 / Лекция 3, округлённое значение",
8,Компрессор: m1 оптимум,0.75,0.75,0.0,0.0,1e-06,кг/с,PASS,"Задание №2 / Лекция 3, округлённое значение",
8,Компрессор: мощность,896.25,896.25,0.0,0.0,0.01,кВт,PASS,"Задание №2 / Лекция 3, округлённое значение",
8,Компрессор: годовая экономия,21600.000000000022,21600.0,2.1827872842550278e-11,1.0105496686365869e-13,1,USD/год,PASS,"Задание №2 / Лекция 3, округлённое значение",
1,Аммиак: s_i·p_i vs CSV,253.4,253.4,0.0,0.0,0.01,USD/т,PASS,opex_ammonia_raw.csv,
2,BOM доли vs CSV,100.0,100.0,0.0,0.0,0.05,%,PASS,khimmash_bom_opex.csv,
3,Расход CW,837.2999999999997,837.3,2.2737367544323206e-13,2.7155580490055182e-14,0.01,кг/с,PASS,streams_energy_balance.csv,
3,Расход пара,15.0,15.0,0.0,0.0,1e-06,кг/с,PASS,streams_energy_balance.csv,
3,Баланс КУ: нераспределённое тепло,,,,,,кВт,WARNING,,Невязка 5600.0 кВт; не задан отдельный поток потерь/отбора
3,Полный OPEX утилит,,,,,,,SKIPPED_MISSING_INPUT,,W_el аммиачного завода; расход покупного пара; подтверждённый экспорт выработанного пара
4,Когенерация: эксергетический баланс,0.0,0.0,0.0,0,1e-09,МВт,PASS,exergy_cogen_speco.json,
4,"Когенерация: фактор f_k в [0,1]",,,,,,,PASS,,f_k=0.675676; сбалансированная зона; требуется детальный анализ
4,Физическая эксергия потоков,,,,,,,SKIPPED_MISSING_INPUT,,"h0, s0 для каждого состава потока при T0, P0"
4,Химическая эксергия потоков,,,,,,,SKIPPED_MISSING_INPUT,,"x_i, a_i, стандартные химические эксергии"
4,Гуй–Стодола по потокам,,,,,,,SKIPPED_MISSING_INPUT,,полный энтропийный баланс и температуры обмена теплом
5,F-rule cost balance,0.0,0.0,0.0,0,1e-06,USD/ч,PASS,exergy_cogen_speco.json,
5,P-rule cost balance,0.0,0.0,0.0,0,1e-06,USD/ч,PASS,exergy_cogen_speco.json,
6,F-rule matrix vs direct,19.4,19.400000000000002,3.552713678800501e-15,1.8312957107219075e-14,1e-09,USD/ГДж,PASS,независимые Python методы,
6,P-rule matrix vs direct,13.947368421052634,13.94736842105263,3.552713678800501e-15,2.5472286753663973e-14,1e-09,USD/ГДж,PASS,независимые Python методы,
7,Цепочка: множитель 1/0.8^5,3.0517578125,3.051757812499999,8.881784197001252e-16,2.910383045673371e-14,1e-09,раз,PASS,"Лекция 3, расчётная формула",
7,Ступень 1: эксергетический баланс,0.0,0.0,0.0,0,0.01,МВт,PASS,sequential_chain_speco.csv,последняя ступень округлена
7,Ступень 1: КПД,0.0,0.0,0.0,0,0.001,доля,PASS,sequential_chain_speco.csv,
7,Ступень 2: эксергетический баланс,0.0,0.0,0.0,0,0.01,МВт,PASS,sequential_chain_speco.csv,последняя ступень округлена
7,Ступень 2: КПД,0.0,0.0,0.0,0,0.001,доля,PASS,sequential_chain_speco.csv,
7,Ступень 3: эксергетический баланс,-1.7763568394002505e-15,0.0,1.7763568394002505e-15,inf,0.01,МВт,PASS,sequential_chain_speco.csv,последняя ступень округлена
7,Ступень 3: КПД,0.0,0.0,0.0,0,0.001,доля,PASS,sequential_chain_speco.csv,
7,Ступень 4: эксергетический баланс,8.881784197001252e-16,0.0,8.881784197001252e-16,inf,0.01,МВт,PASS,sequential_chain_speco.csv,последняя ступень округлена
7,Ступень 4: КПД,-1.1102230246251565e-16,0.0,1.1102230246251565e-16,inf,0.001,доля,PASS,sequential_chain_speco.csv,
7,Ступень 5: эксергетический баланс,1.7763568394002505e-15,0.0,1.7763568394002505e-15,inf,0.01,МВт,PASS,sequential_chain_speco.csv,последняя ступень округлена
7,Ступень 5: КПД,-0.00019531250000015543,0.0,0.00019531250000015543,inf,0.001,доля,PASS,sequential_chain_speco.csv,
7,Абсолютная стоимость цепочки и f_k,,,,,,,SKIPPED_MISSING_INPUT,,"c_F,1 для sequential_chain_speco.csv"
8,Компрессоры: аналитика vs численный минимум,0.75,0.750000011124634,1.1124633991776989e-08,1.4832845102356022e-06,0.0001,кг/с,PASS,собственный аналитический и численный методы,
8,Компрессоры: JSON контроль,88.2,88.2,0.0,0.0,0.01,USD/ч,PASS,compressors_parallel.json: Analytical_Solution,
9,CRF,0.11682954493601999,0.11683,4.550639800121603e-07,0.0003895095266730808,1e-05,1/год,PASS,project_economic_constants.json,
9,Оптимум теплообменника,,,,,,,SKIPPED_MISSING_INPUT,,k_gj_per_h_k для Ex_dest = k·DeltaT
2,Детальный scrap,,,,,,,SKIPPED_MISSING_INPUT,,"m_net,i; f_scrap,i; p_i по материалам"
